{
  "project_info": {
    "project_number": "145107159650",
    "firebase_url": "https://my-awesome-calender.firebaseio.com",
    "project_id": "my-awesome-calender",
    "storage_bucket": "my-awesome-calender.appspot.com"
  },
  "client": [
    {
      "client_info": {
        "mobilesdk_app_id": "1:145107159650:android:53c886d2e40c1828c4df3b",
        "android_client_info": {
          "package_name": "com.example.app"
        }
      },
      "oauth_client": [
        {
          "client_id": "145107159650-093rfdp81r9btvgoggmadbd7i82bnhcb.apps.googleusercontent.com",
          "client_type": 3
        }
      ],
      "api_key": [
        {
          "current_key": "AIzaSyAmAuOsUf4qx1OelKdzpHejpox-kFupqQM"
        }
      ],
      "services": {
        "appinvite_service": {
          "other_platform_oauth_client": [
            {
              "client_id": "145107159650-093rfdp81r9btvgoggmadbd7i82bnhcb.apps.googleusercontent.com",
              "client_type": 3
            }
          ]
        }
      }
    }
  ],
  "configuration_version": "1"
}